Gilbert,Gallimimus,false,G
Gail,Gallimimus,false,G
Godfrey,Gallimimus,false,G
Glen,Gallimimus,false,G
Guy,Gallimimus,false,G
Delta,Velociraptor,false,R
Echo,Velociraptor,false,R
Blue,Velociraptor,false,R
Armando,Apatosaurus,true,B
Pete,Apatosaurus,true,B
Spike,Stegosaurus,true,B
Steve,Stegosaurus,true,B
Stephanie,Stegosaurus,true,B
Brad,Brachiosaurus,true,B
Bob,Brachiosaurus,true,B
Alice,Brachiosaurus,true,B
Littlefoot,Apatosaurus,true,B
Indy,Indominous Rex,false,X
Sarah,Triceratops,true,TR
Trikechael,Triceratops,true,TR
Trudy,Triceratops,true,TR
Dude,Dilophosaurus,false,D
Dave,Dilophosaurus,false,D
Dilbert,Dilophosaurus,false,D
Djeff,Dilophosaurus,false,D
Rex,Tyrannosaurus,false,TY
Tyrion,Tyrannosaurus,false,TY
